[{"name":"maisha","email":"maisha@gmail.com","username":"maisha","phone":"01883441918","password":"maisha@123","address":"kuratoli","gender":"Female","date":"2000-02-26"},{"name":"maisha","email":"maisha@gmail.com","username":"maisha","phone":"01883441918","password":"maisha@123","address":"kuratoli","gender":"Female","date":"2000-02-26"},{"name":"maisha","email":"maisha@gmail.com","username":"maisha","phone":"01883441918","password":"maisha@123","address":"kuratoli","gender":"Female","date":"2000-02-26"}]